{"cameraMode":{"drawMode":0,"name":"Shaded","section":"Shading Mode"},"sceneLighting":true,"audioPlay":false,"sceneViewState":{"showFog":true,"showMaterialUpdate":false,"showSkybox":true,"showFlares":true,"showImageEffects":true,"showParticleSystems":true},"in2DMode":false,"pivot":{"x":-46.77622604370117,"y":-284.580078125,"z":6.421562194824219},"rotation":{"x":-0.3157711625099182,"y":0.014798526652157307,"z":-0.004925487097352743,"w":-0.9487072229385376},"size":991.4357299804688,"orthographic":false}